rouge1,rouge2,rougeL,rougeLsum
0.021133593932728546,0.0,0.02078743695833562,0.020983240820883556
